id,cat,fr,en,desc_fr,desc_en,price,price_delivery,cost,food_cost_pct,contribution_margin,allergens,tags,dayparts,photo,dine_in,takeout,online_pickup,delivery,catering,screens
espresso,cafe,Espresso,Espresso,"Un shot court et rond, torréfié à Montréal.","A short, round shot, roasted in Montréal.",3.25,,0.6,18.46,2.65,,vegan,matin|midi|aprem|soir,espresso.jpg,yes,yes,yes,no,no,yes
allonge,cafe,Allongé,Americano,"Espresso allongé à l'eau chaude, pour prendre son temps.","Espresso lengthened with hot water, made for lingering.",3.75,4.5,0.64,17.07,3.11,,vegan,matin|midi|aprem|soir,allonge.jpg,yes,yes,yes,yes,no,yes
filtre,cafe,Café filtre du jour,Filter coffee of the day,Une origine différente chaque semaine. Demandez laquelle.,A different origin every week. Ask which one.,3.25,3.75,0.5,15.38,2.75,,vegan,matin|midi|aprem,filtre.jpg,yes,yes,yes,yes,no,yes
cappuccino,cafe,Cappuccino,Cappuccino,"Espresso, lait moussé serré, mousse épaisse.","Espresso, tight steamed milk, thick foam.",5,,1.11,22.2,3.89,milk,vegetarian,matin|midi|aprem|soir,cappuccino.jpg,yes,yes,yes,no,no,yes
latte,cafe,Latte,Latte,Espresso et lait soyeux. Lait d'avoine sur demande.,Espresso and silky milk. Oat milk on request.,5.25,6.25,1.25,23.81,4,milk,vegetarian,matin|midi|aprem|soir,latte.jpg,yes,yes,yes,yes,no,yes
latte_miel_cardamome,cafe,Latte miel & cardamome,Honey & cardamom latte,"Notre latte signature : miel du Québec, cardamome verte fraîchement moulue.",Our signature latte: Québec honey and freshly ground green cardamom.,6.25,7.25,1.45,23.2,4.8,milk,vegetarian|signature,matin|midi|aprem|soir,latte_miel_cardamome.jpg,yes,yes,yes,yes,no,yes
latte_pistache,cafe,Latte pistache & fleur d'oranger,Pistachio & orange blossom latte,"Crème de pistache maison, une goutte de fleur d'oranger. Doux, pas sucré.","House pistachio cream and a drop of orange blossom. Mellow, not sugary.",6.75,8,1.92,28.44,4.83,milk|tree_nuts,vegetarian|signature,matin|midi|aprem|soir,latte_pistache.jpg,yes,yes,yes,yes,no,yes
the_menthe,cafe,Thé à la menthe fraîche,Fresh mint tea,"Théière de thé vert et bouquet de menthe fraîche, servie comme à la maison.","A pot of green tea with a fistful of fresh mint, served the way it's done at home.",4.75,,0.71,14.95,4.04,,vegan,matin|midi|aprem|soir,the_menthe.jpg,yes,yes,yes,no,no,yes
chai,cafe,Chaï maison,House chai,"Épices infusées chez nous chaque matin, lait moussé.","Spices steeped in-house every morning, steamed milk.",5.75,6.75,1.35,23.48,4.4,milk,vegetarian,matin|midi|aprem,chai.jpg,yes,yes,yes,yes,no,yes
choco_tahini,cafe,Chocolat chaud au tahini,Tahini hot chocolate,"Chocolat noir, tahini grillé, pincée de sel. Le réconfort, version sésame.","Dark chocolate, toasted tahini, a pinch of salt. Comfort, sesame-style.",6,7,1.49,24.83,4.51,milk|sesame|soy,vegetarian,matin|midi|aprem,choco_tahini.jpg,yes,yes,yes,yes,no,yes
limonade,froid,Limonade menthe-citron maison,House mint lemonade,"Citrons pressés, menthe fraîche, juste assez de sucre.","Squeezed lemons, fresh mint, just enough sugar.",5.5,6.5,1.06,19.27,4.44,,vegan,midi|aprem|soir,limonade.jpg,yes,yes,yes,yes,yes,yes
jus_orange,froid,Jus d'orange pressé,Fresh-squeezed orange juice,Pressé à la commande. Rien d'autre.,Squeezed to order. Nothing else.,7,8.25,2.77,39.57,4.23,,vegan,matin|midi,jus_orange.jpg,yes,yes,yes,yes,no,yes
latte_glace,froid,Latte glacé miel & cardamome,Iced honey & cardamom latte,"Notre signature, sur glace.","Our signature, over ice.",6.5,7.5,1.49,22.92,5.01,milk,vegetarian|signature,matin|midi|aprem|soir,latte_glace.jpg,yes,yes,yes,yes,no,yes
croissant,viennoiseries,Croissant pur beurre,All-butter croissant,"Feuilleté croustillant, cuit chaque matin.","Crisp, flaky, baked every morning.",3.75,4.5,1.49,39.73,2.26,gluten|milk|eggs,vegetarian,matin|aprem,croissant.jpg,yes,yes,yes,yes,no,yes
croissant_pistache,viennoiseries,Croissant pistache,Pistachio croissant,"Garni de crème de pistache, pistaches concassées sur le dessus.","Filled with pistachio cream, crushed pistachios on top.",5.5,6.5,2.48,45.09,3.02,gluten|milk|eggs|tree_nuts,vegetarian|signature,matin|aprem,croissant_pistache.jpg,yes,yes,yes,yes,no,yes
cigares_baklava,viennoiseries,Cigares baklava pistache (2),Pistachio baklava cigars (2),"Pâte filo croustillante, pistaches, sirop léger à la fleur d'oranger.","Crackling filo, pistachios, a light orange blossom syrup.",4.5,5.25,1.56,34.67,2.94,gluten|milk|tree_nuts,vegetarian,midi|aprem|soir,cigares_baklava.jpg,yes,yes,yes,yes,no,yes
gateau_orange,viennoiseries,Gâteau orange-amande,Orange & almond cake,"Oranges entières, amandes moulues, sans farine. Moelleux jusqu'au dernier morceau.","Whole oranges, ground almonds, no flour. Moist to the last crumb.",5.75,6.75,1.77,30.78,3.98,eggs|tree_nuts,vegetarian|no_gluten_ingredients,midi|aprem,gateau_orange.jpg,yes,yes,yes,yes,no,yes
cookie_tahini,viennoiseries,Biscuit tahini & chocolat noir,Tahini & dark chocolate cookie,"Bords croustillants, cœur fondant, fleur de sel.","Crisp edges, soft middle, sea salt.",3.95,4.75,1.06,26.84,2.89,gluten|milk|eggs|sesame|soy,vegetarian,matin|midi|aprem|soir,cookie_tahini.jpg,yes,yes,yes,yes,yes,yes
madeleines,viennoiseries,Madeleines fleur d'oranger (3),Orange blossom madeleines (3),"Cuites à la commande, servies tièdes.","Baked to order, served warm.",4.25,,0.92,21.65,3.33,gluten|milk|eggs,vegetarian,aprem,madeleines.jpg,yes,no,no,no,no,yes
shakshuka,matin,Shakshuka Miam's,Miam's shakshuka,"Deux œufs pochés dans une sauce tomate-poivron mijotée trois heures, feta, coriandre, pain grillé pour saucer.","Two eggs poached in a tomato-pepper sauce simmered for three hours, feta, cilantro, toasted bread for dipping.",18,20.75,4.76,26.44,13.24,eggs|milk|gluten,vegetarian|signature|spicy_mild,matin|midi,shakshuka.jpg,yes,yes,yes,yes,no,yes
shakshuka_verte,matin,Shakshuka verte,Green shakshuka,"Épinards, poireaux fondants, zaatar, œufs pochés, labneh.","Spinach, melted leeks, za'atar, poached eggs, labneh.",18,,5.11,28.39,12.89,eggs|milk|gluten|sesame,vegetarian,matin|midi,shakshuka_verte.jpg,yes,yes,yes,no,no,yes
oeufs_turcs,matin,"Œufs pochés, yogourt & beurre d'Alep (çılbır)","Poached eggs, garlic yogurt & Aleppo butter (çılbır)","Œufs pochés sur yogourt à l'ail, beurre noisette au piment d'Alep, aneth, pain chaud.","Poached eggs on garlic yogurt, brown butter with Aleppo pepper, dill, warm bread.",17,,4.05,23.82,12.95,eggs|milk|gluten,vegetarian|spicy_mild,matin|midi,oeufs_turcs.jpg,yes,yes,yes,no,no,yes
toast_avocat,matin,"Toast avocat, labneh & zaatar","Avocado, labneh & za'atar toast","Pain au levain grillé, labneh maison, avocat, zaatar, huile d'olive, piment.","Toasted sourdough, house labneh, avocado, za'atar, olive oil, chili.",17,19.75,5.61,33,11.39,gluten|milk|sesame,vegetarian,matin|midi,toast_avocat.jpg,yes,yes,yes,yes,no,yes
pain_perdu,matin,Pain perdu brioché fleur d'oranger,Orange blossom brioche French toast,"Brioche dorée au beurre, crème fleur d'oranger, pistaches, petits fruits du moment.","Butter-golden brioche, orange blossom cream, pistachios, seasonal berries.",17,19.75,4.4,25.88,12.6,gluten|milk|eggs|tree_nuts,vegetarian|signature,matin|midi,pain_perdu.jpg,yes,yes,yes,yes,no,yes
assiette_matin,matin,Grande assiette du matin,The big morning plate,"Deux œufs au choix, halloumi grillé, labneh, olives, tomates, concombre, houmous, pain chaud. Pour les grandes faims.","Two eggs any style, grilled halloumi, labneh, olives, tomato, cucumber, hummus, warm bread. For big appetites.",21,24.25,6.67,31.76,14.33,eggs|milk|gluten|sesame,vegetarian,matin|midi,assiette_matin.jpg,yes,yes,yes,yes,no,yes
granola,viennoiseries,Granola maison à emporter,House granola to go,"Yogourt grec, granola sésame-dattes, miel, fruits frais. Prêt à partir.","Greek yogurt, sesame-date granola, honey, fresh fruit. Ready to go.",11,12.75,2.98,27.09,8.02,milk|tree_nuts|gluten|sesame,vegetarian,matin,granola.jpg,yes,yes,yes,yes,no,yes
sandwich_matin,matin,"Brioche œuf, halloumi & harissa","Egg, halloumi & harissa brioche","Œuf brouillé moelleux, halloumi grillé, mayo harissa, roquette. À emporter ou sur place.","Soft-scrambled egg, grilled halloumi, harissa mayo, arugula. For here or to go.",13,15,3.62,27.85,9.38,gluten|milk|eggs|mustard,vegetarian|spicy_mild,matin|midi,sandwich_matin.jpg,yes,yes,yes,yes,no,yes
bol_mezze,midi,Bol mezze,Mezze bowl,"Houmous, taboulé, falafels croustillants, légumes marinés, sauce tahini, pita chaude.","Hummus, tabbouleh, crisp falafel, pickled vegetables, tahini sauce, warm pita.",18,20.75,4.62,25.67,13.38,sesame|gluten,vegan,midi|soir,bol_mezze.jpg,yes,yes,yes,yes,yes,yes
bol_poulet,midi,Bol poulet chermoula,Chermoula chicken bowl,"Poulet mariné à la chermoula et grillé, riz aux herbes, houmous, salade de chou, yogourt au citron confit.","Chermoula-marinated grilled chicken, herbed rice, hummus, cabbage slaw, preserved-lemon yogurt.",20,23,6.89,34.45,13.11,sesame|milk,halal,midi|soir,bol_poulet.jpg,yes,yes,yes,yes,yes,yes
pan_bagnat,midi,Pan-bagnat du Miam,Miam's pan-bagnat,"Le sandwich niçois : thon, œuf, olives, poivrons, oignon rouge, huile d'olive, pain rond.","The Niçoise sandwich: tuna, egg, olives, peppers, red onion, olive oil, round bun.",16,18.5,5.32,33.25,10.68,fish|eggs|gluten|mustard,,midi,pan_bagnat.jpg,yes,yes,yes,yes,no,yes
pita_poulet,midi,Pita poulet chermoula,Chermoula chicken pita,"Poulet chermoula, toum à l'ail, cornichons, frites au zaatar dedans. Oui, dedans.","Chermoula chicken, garlic toum, pickles, za'atar fries inside. Yes, inside.",16,18.5,5.04,31.5,10.96,gluten|sesame,halal,midi|soir,pita_poulet.jpg,yes,yes,yes,yes,yes,yes
wrap_falafel,midi,Wrap falafel,Falafel wrap,"Falafels maison, tahini, tomate, persil, navet mariné rose.","House falafel, tahini, tomato, parsley, pink pickled turnip.",15.5,18,3.62,23.35,11.88,gluten|sesame,vegan,midi|soir,wrap_falafel.jpg,yes,yes,yes,yes,yes,yes
fattouch,midi,Fattouch & halloumi grillé,Fattoush with grilled halloumi,"Laitue croquante, radis, concombre, sumac, pita croustillante, halloumi grillé.","Crisp lettuce, radish, cucumber, sumac, crunchy pita, grilled halloumi.",17,19.75,4.83,28.41,12.17,gluten|milk,vegetarian,midi|soir,fattouch.jpg,yes,yes,yes,yes,no,yes
soupe,midi,Soupe lentilles-citron,Lemon lentil soup,"Lentilles corail, cumin, un trait de citron. Avec pain plat.","Red lentils, cumin, a squeeze of lemon. With flatbread.",8,9.25,1.49,18.63,6.51,gluten,vegan,midi,soupe.jpg,yes,yes,yes,yes,no,yes
planche_mezze,soir,Planche mezze à partager (2 pers.),Mezze sharing board (serves 2),"Houmous, baba ghanouj, labneh, falafels, halloumi, olives, légumes marinés, pains plats chauds.","Hummus, baba ghanoush, labneh, falafel, halloumi, olives, pickles, warm flatbreads.",34,,11.5,33.82,22.5,gluten|milk|sesame,vegetarian|signature,soir,planche_mezze.jpg,yes,no,no,no,no,yes
houmous_noisette,soir,Houmous au beurre noisette,Brown butter hummus,"Houmous crémeux, beurre noisette épicé, pois chiches croustillants, pain plat.","Creamy hummus, spiced brown butter, crispy chickpeas, flatbread.",12,14,2.2,18.33,9.8,sesame|milk|gluten,vegetarian,soir,houmous_noisette.jpg,yes,yes,yes,yes,no,yes
halloumi_miel,soir,"Halloumi grillé, miel & thym","Grilled halloumi, honey & thyme","Doré à la plancha, miel du Québec, thym frais, poivre noir.","Seared on the plancha, Québec honey, fresh thyme, black pepper.",14,16.25,5.04,36,8.96,milk,vegetarian|no_gluten_ingredients,soir,halloumi_miel.jpg,yes,yes,yes,yes,no,yes
falafels,soir,"Falafels (5), sauce tahini","Falafel (5), tahini sauce","Croustillants dehors, verts dedans.","Crunchy outside, green inside.",11,12.75,2.34,21.27,8.66,sesame,vegan,soir,falafels.jpg,yes,yes,yes,yes,no,yes
brick,soir,Brick à l'œuf & thon,Crispy brick pastry with egg & tuna,"Feuille de brick frite, œuf coulant, thon, câpres, persil.","Fried brick pastry, runny egg, tuna, capers, parsley.",10,,2.56,25.6,7.44,gluten|eggs|fish,,soir,brick.jpg,yes,yes,yes,no,no,yes
pain_plat,soir,Pain plat du four,Oven flatbread,"Huile d'olive, zaatar, sel.","Olive oil, za'atar, salt.",5,5.75,0.78,15.6,4.22,gluten|sesame,vegan,soir,pain_plat.jpg,yes,yes,yes,yes,no,yes
frites_zaatar,accompagnements,Frites au zaatar,Za'atar fries,Avec toum à l'ail.,With garlic toum.,6,7,1.28,21.33,4.72,sesame,vegan,midi|soir,frites_zaatar.jpg,yes,yes,yes,yes,no,yes
extra_halloumi,accompagnements,Extra halloumi grillé,Add grilled halloumi,,,4,4.75,1.7,42.5,2.3,milk,vegetarian|modifier,matin|midi|soir,extra_halloumi.jpg,yes,yes,yes,yes,no,no
extra_avocat,accompagnements,Extra avocat,Add avocado,,,3,3.5,1.63,54.33,1.37,,vegan|modifier,matin|midi|soir,extra_avocat.jpg,yes,yes,yes,yes,no,no
extra_oeuf,accompagnements,Extra œuf,Add an egg,,,2.25,,0.54,24,1.71,eggs,vegetarian|modifier,matin|midi,extra_oeuf.jpg,yes,yes,yes,no,no,no
extra_poulet,accompagnements,Extra poulet chermoula,Add chermoula chicken,,,5.5,6.5,2.7,49.09,2.8,,halal|modifier,midi|soir,extra_poulet.jpg,yes,yes,yes,yes,no,no
lait_avoine,accompagnements,Lait d'avoine,Oat milk,,,0.75,,0.35,46.67,0.4,gluten,vegan|modifier,matin|midi|aprem|soir,lait_avoine.jpg,yes,yes,yes,no,no,no
extra_shot,accompagnements,Shot d'espresso en plus,Extra espresso shot,,,1.25,,0.3,24,0.95,,vegan|modifier,matin|midi|aprem|soir,extra_shot.jpg,yes,yes,yes,no,no,no
mini_pain_perdu,enfants,Petit pain perdu & fruits,Little French toast & fruit,Avec un verre de lait ou de jus.,With a glass of milk or juice.,9,10.5,2.2,24.44,6.8,gluten|milk|eggs,vegetarian,matin|midi,mini_pain_perdu.jpg,yes,yes,yes,yes,no,yes
oeuf_mouillettes,enfants,Œuf à la coque & mouillettes,Soft-boiled egg & toast soldiers,Avec quartiers de fruits.,With fruit wedges.,8,,1.49,18.63,6.51,gluten|milk|eggs,vegetarian,matin|midi,oeuf_mouillettes.jpg,yes,no,no,no,no,yes
formule_matin,formules,Formule matin,Morning combo,Café filtre ou allongé + croissant. Avant 11 h.,Filter coffee or Americano + croissant. Before 11 am.,6.25,,2.06,32.96,4.19,gluten|milk|eggs,combo,matin,formule_matin.jpg,yes,yes,yes,no,no,yes
formule_midi,formules,Formule midi (+5),Lunch combo (+5),Ajoutez à tout bol ou pita : soupe du jour ou limonade maison + biscuit tahini.,Add to any bowl or pita: soup of the day or house lemonade + tahini cookie.,5,5.75,2.34,46.8,2.66,gluten|milk|eggs|sesame|soy,combo|modifier,midi,formule_midi.jpg,yes,yes,yes,yes,no,no
formule_brunch_duo,formules,Brunch pour deux,Brunch for two,Deux plats brunch au choix + deux cafés signature + un croissant pistache à partager. Week-end seulement.,Any two brunch plates + two signature lattes + a pistachio croissant to share. Weekends only.,49,,14.48,29.55,34.52,gluten|milk|eggs|tree_nuts,combo|signature,matin,formule_brunch_duo.jpg,yes,no,no,no,no,yes
pause_aprem,formules,Pause d'après-midi,Afternoon break,Thé à la menthe ou café filtre + cigares baklava ou madeleines. De 14 h à la fermeture.,Mint tea or filter coffee + baklava cigars or madeleines. From 2 pm to close.,8.5,,1.8,21.18,6.7,gluten|milk|eggs|tree_nuts,combo,aprem,pause_aprem.jpg,yes,yes,yes,no,no,yes
mezze_trio,formules,Trio mezze + pain plat,Mezze trio + flatbread,"Houmous au beurre noisette, halloumi miel-thym, falafels et un pain plat du four. Jeudi et vendredi soir.","Brown butter hummus, honey-thyme halloumi, falafel and an oven flatbread. Thursday & Friday evenings.",29,,6.4,22.07,22.6,gluten|milk|sesame,combo|vegetarian,soir,mezze_trio.jpg,yes,yes,yes,no,no,yes
boite_bureau,traiteur,Boîte déjeuner bureau,Office lunch box,"Bol ou pita au choix, salade, douceur, boisson. Emballage compostable, étiqueté par personne. Minimum 8.","Bowl or pita of choice, salad, sweet, drink. Compostable packaging, labelled per person. Minimum 8.",25,,8.8,35.2,16.2,gluten|milk|sesame|eggs,catering,midi,boite_bureau.jpg,no,no,no,no,yes,no
plateau_matin,traiteur,Plateau du matin (12 pers.),Morning platter (serves 12),"12 viennoiseries, fruits tranchés, yogourt-granola, 2 L de café et le nécessaire.","12 pastries, sliced fruit, yogurt-granola, 2 L of coffee and all the fixings.",110,,39.05,35.5,70.95,gluten|milk|eggs|tree_nuts|sesame,catering,matin,plateau_matin.jpg,no,no,no,no,yes,no
plateau_mezze,traiteur,Grand plateau mezze (10 pers.),Large mezze platter (serves 10),"Houmous, baba ghanouj, taboulé, falafels, halloumi, légumes, pains plats.","Hummus, baba ghanoush, tabbouleh, falafel, halloumi, vegetables, flatbreads.",145,,51.12,35.26,93.88,gluten|milk|sesame,catering|vegetarian,midi|soir,plateau_mezze.jpg,no,no,no,no,yes,no
